<?xml version="1.0" encoding="UTF-8"?>

<beans xmlns="http://www.springframework.org/schema/beans"
	xmlns:tx="http://www.springframework.org/schema/tx" xmlns:xsi="http://www.w3.org/2001/XMLSchema-instance"
	xsi:schemaLocation="http://www.springframework.org/schema/beans   
       http://www.springframework.org/schema/beans/spring-beans.xsd
       http://www.springframework.org/schema/tx
       http://www.springframework.org/schema/tx/spring-tx.xsd">

	<bean id="dataSource" class="com.mchange.v2.c3p0.ComboPooledDataSource"
		destroy-method="close">
		<property name="driverClass" value="com.mysql.jdbc.Driver" />
		<property name="jdbcUrl"
			value="jdbc:mysql://localhost/iotmsdb?characterEncoding=utf8" />
		<property name="user" value="iotms" />
		<property name="password" value="iotms" />
	</bean>
	
	<tx:annotation-driven proxy-target-class="true"/>

	<bean id="jpaVendorAdapter" class="org.springframework.orm.jpa.vendor.HibernateJpaVendorAdapter">
				<property name="database" value="MYSQL"/>
	</bean>
			
	<bean id="entityManagerFactory" class="org.springframework.orm.jpa.LocalContainerEntityManagerFactoryBean">
		<property name="dataSource" ref="dataSource" />
		<property name="packagesToScan" value="edu.cmu.team2.iotms.domain" />
		<property name="jpaVendorAdapter" ref="jpaVendorAdapter" />
	</bean>

	<bean id="transactionManager" class="org.springframework.orm.jpa.JpaTransactionManager">
		<property name="entityManagerFactory" ref="entityManagerFactory" />
	</bean>
   
	<bean id="messageSource"
		class="org.springframework.context.support.ResourceBundleMessageSource">
		<property name="basenames">
			<list>
				<value>message.error</value>
			</list>
		</property>
		<property name="defaultEncoding" value="UTF-8" />
	</bean>

	<bean id="eventHistoryService" class="edu.cmu.team2.iotms.application.EventHistoryServiceImpl">
		 <constructor-arg ref="dataSource"/>
	</bean>
	<bean id="messageService" class="edu.cmu.team2.iotms.application.MessageServiceImpl">
		<constructor-arg ref="dataSource"/>
	</bean>
	<bean id="nodeService" class="edu.cmu.team2.iotms.application.NodeServiceImpl">
		<constructor-arg ref="dataSource"/>
	</bean>
	<bean id="ruleService" class="edu.cmu.team2.iotms.application.RuleServiceImpl">
		<constructor-arg ref="dataSource"/>
	</bean>
	<bean id="settingService" class="edu.cmu.team2.iotms.application.SettingServiceImpl">
		<constructor-arg ref="dataSource"/>
	</bean>
	<bean id="userService" class="edu.cmu.team2.iotms.application.UserServiceImpl">
		<constructor-arg ref="dataSource"/>
	</bean>

</beans>