<?xml version="1.0" encoding="UTF-8"?>

<beans xmlns="http://www.springframework.org/schema/beans"
	xmlns:sec="http://www.springframework.org/schema/security" xmlns:xsi="http://www.w3.org/2001/XMLSchema-instance"
	xsi:schemaLocation="http://www.springframework.org/schema/beans   
       http://www.springframework.org/schema/beans/spring-beans.xsd
       http://www.springframework.org/schema/security
       http://www.springframework.org/schema/security/spring-security.xsd">


	<sec:authentication-manager>
        <sec:authentication-provider>
          	<sec:jdbc-user-service data-source-ref="dataSource" 
          	users-by-username-query="select user_id as username,user_passwd as password,1 as enabled 
		      from user_info where user_id=?" 
		     authorities-by-username-query="select user_id as username,autohrity as role 
		      from authorities 
		      where user_id = ? "/>
        </sec:authentication-provider>
    </sec:authentication-manager>
   

	<sec:http use-expressions="true">
		<sec:access-denied-handler error-page="/security/accessDenied"/>
		<sec:intercept-url pattern="/user/loginform" access="permitAll" />
		<sec:intercept-url pattern="/user/login" access="permitAll" />
		<sec:intercept-url pattern="/user/liset"
			access="hasAuthority('USER_MANAGER')" />
		<sec:intercept-url pattern="/member/**" access="isAuthenticated()" />
		<sec:intercept-url pattern="/menu/**" access="isAuthenticated()" />
		<sec:intercept-url pattern="/event/**" access="isAuthenticated()" />
		<sec:intercept-url pattern="/message/**" access="isAuthenticated()" />
		<sec:intercept-url pattern="/node/**" access="isAuthenticated()" />
		<sec:intercept-url pattern="/rule/**" access="isAuthenticated()" />
		<sec:intercept-url pattern="/setting/**" access="isAuthenticated()" />
		<sec:intercept-url pattern="/user/**" access="isAuthenticated()" />
		<sec:intercept-url pattern="/**" access="permitAll" />
		<sec:form-login 
			login-page="/user/loginform"
			login-processing-url="/user/login"
			username-parameter="userid"
			password-parameter="password"
			default-target-url="/index"
			authentication-failure-url="/user/loginform?error=true"
		/>
		<sec:logout logout-url="/user/logout" />
	</sec:http>

</beans>