<?xml version="1.0" encoding="UTF-8"?>

<beans xmlns="http://www.springframework.org/schema/beans"
	xmlns:mvc="http://www.springframework.org/schema/mvc"
	xmlns:xsi="http://www.w3.org/2001/XMLSchema-instance"
	xmlns:context="http://www.springframework.org/schema/context"
	xsi:schemaLocation="http://www.springframework.org/schema/beans
		http://www.springframework.org/schema/beans/spring-beans.xsd
		http://www.springframework.org/schema/mvc
		http://www.springframework.org/schema/mvc/spring-mvc.xsd
		http://www.springframework.org/schema/context
        http://www.springframework.org/schema/context/spring-context.xsd">

	<mvc:annotation-driven />

	<mvc:default-servlet-handler />

	<mvc:view-controller path="/index" view-name="index" />
	<mvc:view-controller path="/admin/usermanager/main"
		view-name="usermanagerMain" />
	<mvc:view-controller path="/member/main" view-name="memberMain" />
	<mvc:view-controller path="/user/loginform" view-name="user/loginForm" />
	<mvc:view-controller path="/security/accessDenied" view-name="security/accessDenied" />

	<bean id="viewResolver"
		class="org.springframework.web.servlet.view.InternalResourceViewResolver">
		<property name="prefix" value="/WEB-INF/view/" />
		<property name="suffix" value=".jsp" />
	</bean>

	<context:component-scan base-package="edu.cmu.team2.iotms.uicontroller"/>

	<bean id="eventHistoryController" class="edu.cmu.team2.iotms.uicontroller.EventHistoryController" />
	<bean id="messageController" class="edu.cmu.team2.iotms.uicontroller.MessageController" />
	<bean id="settingController" class="edu.cmu.team2.iotms.uicontroller.SettingController" />
	<bean id="userController" class="edu.cmu.team2.iotms.uicontroller.UserController" />
	<bean id="ruleController" class="edu.cmu.team2.iotms.uicontroller.RuleController" />
	<bean id="nodeController" class="edu.cmu.team2.iotms.uicontroller.NodeController" />
	
</beans>
